"service","trial","pod","injected_at_utc","observed_not_ready","first_not_ready_at_utc","restart_observed_at_utc","ready_observed_at_utc","recovery_seconds","restart_count_before","restart_count_after","last_exit_code","result"
"pharmago-api-gateway","1","pharmago-api-gateway-697dcf458d-wvzbr","2026-09-26T23:03:25.9405225Z","True","2026-09-26T23:03:28.4329644Z","2026-09-26T23:03:28.4329644Z","2026-09-26T23:03:32.0495791Z","6.11","0","1","137","recovered"
"pharmago-api-gateway","2","pharmago-api-gateway-697dcf458d-j7p8b","2026-09-26T23:03:40.0343540Z","True","2026-09-26T23:03:42.8634486Z","2026-09-26T23:03:42.8634486Z","2026-09-26T23:03:48.9006315Z","8.87","0","1","137","recovered"
"pharmago-api-gateway","3","pharmago-api-gateway-697dcf458d-2lpxl","2026-09-26T23:03:56.8340601Z","True","2026-09-26T23:03:59.6915885Z","2026-09-26T23:03:59.6915885Z","2026-09-26T23:04:05.7603112Z","8.93","0","1","137","recovered"
"pharmago-users-service","1","pharmago-users-service-8c4b7f565-tgz6n","2026-09-26T23:04:06.1981093Z","True","2026-09-26T23:04:08.8593741Z","2026-09-26T23:04:08.8593741Z","2026-09-26T23:04:14.8780583Z","8.68","0","1","137","recovered"
"pharmago-users-service","2","pharmago-users-service-8c4b7f565-xf4bk","2026-09-26T23:04:21.5448780Z","True","2026-09-26T23:04:24.3554283Z","2026-09-26T23:04:24.3554283Z","2026-09-26T23:04:31.5919671Z","10.05","0","1","137","recovered"
"pharmago-users-service","3","pharmago-users-service-8c4b7f565-wz4vn","2026-09-26T23:04:38.2644756Z","True","2026-09-26T23:04:41.0833484Z","2026-09-26T23:04:41.0833484Z","2026-09-26T23:04:48.2985966Z","10.03","0","1","137","recovered"
"pharmago-pharmacy-service","1","pharmago-pharmacy-service-bdc7764d-2krtj","2026-09-26T23:04:48.7378325Z","True","2026-09-26T23:04:51.5371278Z","2026-09-26T23:04:51.5371278Z","2026-09-26T23:04:53.9551550Z","5.22","0","1","137","recovered"
"pharmago-pharmacy-service","2","pharmago-pharmacy-service-bdc7764d-m5wwb","2026-09-26T23:05:00.6044291Z","True","2026-09-26T23:05:03.4321415Z","2026-09-26T23:05:03.4321415Z","2026-09-26T23:05:05.8548962Z","5.25","0","1","137","recovered"
"pharmago-pharmacy-service","3","pharmago-pharmacy-service-bdc7764d-2hr7m","2026-09-26T23:05:12.5229658Z","True","2026-09-26T23:05:15.3408053Z","2026-09-26T23:05:15.3408053Z","2026-09-26T23:05:17.7484325Z","5.23","0","1","137","recovered"
